"V1","V2","V3","V4","V5","V6","V7","V8","V9","V10"
2.98,-0.614,4.04,1.97,0.453,-4.04,0.975,0.00407,-0.517,-0.962
-1.62,0.324,-2.09,-1.17,-0.219,2.33,-0.447,-0.0634,0.387,0.511
-1.43,0.0211,-2.17,-0.808,-0.444,2.06,-0.589,0.0328,0.139,0.587
1.24,-0.111,1.87,0.695,0.329,-1.68,0.52,-0.0512,-0.0965,-0.479
1.39,0.18,2.22,0.682,0.582,-1.93,0.676,-0.0641,-0.0649,-0.567
1.35,-0.249,1.93,0.794,0.255,-1.67,0.535,-0.0577,-0.132,-0.429
-1.05,0.00423,-1.22,-0.882,-0.218,1.82,-0.179,-0.159,0.43,0.339
-1.3,0.0728,-2.19,-0.564,-0.439,1.65,-0.687,0.147,-0.0781,0.578
-1.53,-0.169,-2.4,-0.827,-0.607,2.32,-0.666,0.0239,0.14,0.679
-1.46,-0.508,-1.78,-1.17,-0.621,2.73,-0.312,-0.276,0.645,0.498
1.42,0.0791,2.25,0.753,0.526,-2.1,0.632,-0.0462,-0.0962,-0.632
1.31,-0.371,1.58,1.05,0.0787,-2,0.262,0.0995,-0.404,-0.413
3.02,-0.486,4.17,1.95,0.561,-4.14,1.03,-0.00121,-0.495,-1.01
-1.53,0.675,-2.06,-1.01,-0.0242,1.84,-0.5,0.0679,0.183,0.464
1.48,-0.163,2.16,0.851,0.355,-1.9,0.606,-0.0554,-0.143,-0.499
-1.42,0.236,-1.73,-1.13,-0.186,2.25,-0.298,-0.131,0.462,0.457
-1.93,0.782,-3.07,-0.901,-0.216,1.94,-0.965,0.307,-0.171,0.688
1.35,-0.131,2.23,0.653,0.407,-1.81,0.657,-0.123,0.0256,-0.609
2.92,-0.572,4.09,1.85,0.503,-3.92,1.04,-0.0458,-0.411,-0.992
-1.82,0.153,-2.44,-1.27,-0.393,2.79,-0.534,-0.0874,0.427,0.65
1.29,-0.0403,1.71,0.938,0.311,-2.1,0.35,0.0958,-0.351,-0.483
2.98,-0.558,4.07,1.96,0.496,-4.09,0.988,0.00615,-0.511,-0.986
1.46,-0.415,2,0.974,0.162,-1.98,0.472,-0.0154,-0.229,-0.497
2.92,-0.466,4.26,1.76,0.612,-3.99,1.11,-0.0821,-0.318,-1.09
2.83,-0.625,3.92,1.83,0.432,-3.82,0.964,-0.0311,-0.426,-0.958
1.47,-0.3,2.26,0.824,0.305,-1.99,0.611,-0.0904,-0.0694,-0.612
2.97,-0.541,4.25,1.83,0.559,-3.99,1.1,-0.0702,-0.365,-1.05
1.57,-0.562,2.33,0.915,0.161,-1.96,0.614,-0.117,-0.0713,-0.593
2.82,-0.64,3.91,1.85,0.42,-3.92,0.93,-0.0154,-0.441,-1
2.95,-0.251,4.06,1.92,0.672,-4.19,0.999,0.0489,-0.549,-0.995
-1.34,0.796,-1.69,-1.01,0.135,1.75,-0.316,0.0133,0.253,0.422
-1.48,0.184,-2.15,-0.881,-0.338,1.98,-0.579,0.0403,0.167,0.52
1.52,-0.307,2.04,1.08,0.224,-2.29,0.427,0.0521,-0.334,-0.559
-1.66,0.408,-2.06,-1.26,-0.156,2.42,-0.401,-0.09,0.449,0.506
1.39,-0.221,1.94,0.913,0.263,-2.01,0.456,0.0116,-0.237,-0.514
1.52,-0.477,2.02,1.06,0.125,-2.11,0.442,0.00912,-0.284,-0.517
-1.64,0.712,-2.17,-1.14,-0.0181,2.12,-0.48,0.031,0.261,0.527
1.61,-0.301,2.32,0.945,0.306,-2,0.644,-0.0728,-0.151,-0.518
2.91,-0.532,4,1.98,0.492,-4.29,0.9,0.0532,-0.555,-1.07
1.63,-0.177,2.13,1.14,0.315,-2.35,0.484,0.0677,-0.383,-0.509
1.39,-0.199,1.9,0.967,0.264,-2.14,0.412,0.0483,-0.295,-0.532
2.97,-0.587,3.96,2.03,0.446,-4.12,0.923,0.0443,-0.584,-0.95
2.76,-0.398,4,1.7,0.593,-3.87,1.02,-0.0466,-0.347,-1.04
1.53,-0.4,2.01,1.1,0.162,-2.21,0.423,0.0402,-0.332,-0.52
3.07,-0.494,4.45,1.82,0.635,-4.04,1.19,-0.103,-0.321,-1.08
3.02,-0.565,4.22,1.93,0.53,-4.12,1.05,-0.029,-0.451,-1.04
-1.39,-0.0351,-2.36,-0.541,-0.544,1.61,-0.804,0.181,-0.117,0.549
3.02,-0.463,4.1,2.01,0.553,-4.23,0.982,0.0382,-0.562,-1
1.29,-0.327,1.96,0.72,0.225,-1.66,0.538,-0.0931,-0.0491,-0.507
-1.46,0.825,-2.14,-0.864,0.0302,1.66,-0.557,0.157,0.0162,0.529
2.93,-0.417,4.29,1.74,0.649,-3.98,1.14,-0.0883,-0.305,-1.09
1.52,-0.228,2.09,1.03,0.287,-2.28,0.468,0.0373,-0.298,-0.575
-1.4,-0.28,-2.13,-0.748,-0.611,2,-0.629,0.00875,0.162,0.522
2.94,-0.598,4.1,1.9,0.484,-4,1.01,-0.03,-0.442,-1.01
-1.41,0.563,-2.13,-0.728,-0.128,1.44,-0.645,0.18,-0.0382,0.447
2.84,-0.682,4,1.75,0.426,-3.61,1.05,-0.1,-0.322,-0.93
2.92,-0.328,4.15,1.83,0.658,-4.1,1.05,-0.0126,-0.434,-1.05
-1.58,0.442,-1.92,-1.24,-0.104,2.34,-0.343,-0.103,0.461,0.482
2.97,-0.645,4.18,1.87,0.48,-3.95,1.06,-0.0647,-0.392,-1.01
2.94,-0.626,4.01,1.99,0.439,-4.19,0.916,0.0309,-0.539,-1.04
1.34,-0.375,1.65,1,0.0975,-1.84,0.341,0.0539,-0.346,-0.363
3.07,-0.347,4.3,1.94,0.674,-4.25,1.09,-0.00307,-0.485,-1.05
1.32,-0.28,1.98,0.732,0.255,-1.64,0.562,-0.0908,-0.0639,-0.471
1.31,-0.00634,1.8,0.856,0.359,-1.91,0.449,0.0399,-0.268,-0.438
1.38,-0.333,2.04,0.757,0.237,-1.62,0.589,-0.105,-0.0577,-0.46
2.85,-0.366,4.02,1.84,0.603,-4.13,0.971,0.0176,-0.47,-1.06
1.61,-0.862,2.17,1.1,-0.0649,-2.01,0.485,-0.0706,-0.199,-0.533
-1.52,0.236,-2.18,-0.961,-0.309,2.17,-0.538,0.012,0.216,0.575
-1.5,0.758,-2,-1.04,0.0409,1.92,-0.435,0.0466,0.212,0.501
1.5,-0.155,2.07,0.961,0.328,-2.05,0.528,0.00714,-0.258,-0.48
-1.39,0.431,-1.71,-1.08,-0.0726,2.07,-0.302,-0.0804,0.387,0.444
2.88,-0.606,4,1.87,0.458,-3.95,0.973,-0.0204,-0.446,-0.997
-1.53,0.109,-1.62,-1.37,-0.214,2.57,-0.193,-0.26,0.706,0.399
-1.86,0.827,-2.43,-1.29,-0.00113,2.31,-0.552,0.043,0.295,0.545
2.81,-0.616,3.86,1.91,0.416,-4.08,0.87,0.0306,-0.511,-1.03
2.93,-0.493,4.11,1.88,0.548,-4.06,1.02,-0.0146,-0.452,-1.03
-1.56,0.605,-2.04,-1.14,-0.0494,2.23,-0.405,-0.0207,0.317,0.549
-1.46,0.204,-2,-1.02,-0.279,2.28,-0.424,-0.0576,0.319,0.569
-1.48,0.237,-2.44,-0.688,-0.395,1.85,-0.742,0.168,-0.0719,0.642
-1.38,0.24,-2.02,-0.787,-0.282,1.71,-0.571,0.0725,0.108,0.456
-1.46,0.19,-2.04,-0.925,-0.304,2.01,-0.516,0.00402,0.228,0.495
2.93,-0.554,3.91,2.08,0.45,-4.4,0.829,0.104,-0.653,-1.05
-1.44,-0.0199,-2.16,-0.784,-0.465,1.9,-0.631,0.049,0.128,0.507
2.94,-0.517,3.75,2.15,0.426,-4.3,0.785,0.146,-0.75,-0.922
-1.08,-0.12,-1.4,-0.842,-0.335,1.96,-0.246,-0.144,0.384,0.43
-1.62,0.179,-2.08,-1.18,-0.299,2.43,-0.44,-0.0975,0.433,0.516
-1.56,-0.699,-2.54,-0.782,-0.949,2.59,-0.746,-0.0317,0.185,0.734
3.14,-0.632,4.21,2.13,0.473,-4.36,0.985,0.0377,-0.6,-1.02
-1.2,-0.236,-1.86,-0.64,-0.529,1.78,-0.535,0.00666,0.132,0.487
3.22,-0.85,4.29,2.2,0.361,-4.35,0.997,0.00932,-0.587,-1.02
1.44,0.0414,2.16,0.783,0.479,-1.92,0.632,-0.0456,-0.131,-0.512
2.9,-0.375,4.07,1.83,0.612,-4,1.03,-0.0124,-0.445,-0.996
-1.24,-0.0718,-1.58,-0.947,-0.342,2.11,-0.298,-0.141,0.414,0.443
2.91,-0.453,4.09,1.87,0.57,-4.09,1.01,-0.0077,-0.452,-1.04
1.49,-0.333,1.87,1.12,0.165,-2.17,0.373,0.079,-0.397,-0.456
2.91,-0.422,4.16,1.8,0.608,-3.96,1.08,-0.0487,-0.385,-1.02
2.92,-0.358,4.26,1.79,0.671,-4.15,1.09,-0.0416,-0.371,-1.12
2.9,-0.411,4.04,1.93,0.577,-4.28,0.942,0.0433,-0.522,-1.09
2.8,-0.436,3.85,1.83,0.524,-3.9,0.938,0.0142,-0.48,-0.953
2.86,-0.379,3.85,1.93,0.547,-4.08,0.904,0.0669,-0.58,-0.948
2.93,-0.369,4.06,1.9,0.606,-4.08,1.01,0.0157,-0.501,-0.987
-1.13,-0.0618,-1.29,-0.95,-0.267,1.95,-0.194,-0.183,0.483,0.341
2.76,-0.449,3.89,1.8,0.529,-3.99,0.927,0.00867,-0.446,-1.04
-1.77,0.322,-2.46,-1.18,-0.31,2.57,-0.573,-0.0143,0.306,0.655
1.48,-0.322,2.07,0.915,0.236,-1.86,0.55,-0.046,-0.182,-0.459
-1.3,0.474,-1.4,-1.17,0.0333,2.09,-0.138,-0.164,0.526,0.38
2.81,-0.0449,4.05,1.75,0.804,-4.15,1.03,0.0286,-0.452,-1.06
-1.94,0.299,-3.06,-0.988,-0.482,2.47,-0.895,0.164,0.0123,0.78
2.85,-0.403,4.02,1.85,0.582,-4.15,0.961,0.0176,-0.47,-1.07
1.04,-0.157,1.69,0.526,0.273,-1.39,0.486,-0.0906,0.0068,-0.464
1.6,-0.558,2.2,1.03,0.122,-2,0.545,-0.0565,-0.199,-0.509
1.71,-0.678,2.29,1.12,0.0668,-2.05,0.564,-0.0645,-0.222,-0.498
-1.71,0.175,-2.72,-0.859,-0.483,2.23,-0.799,0.135,0.0149,0.708
3.02,-0.481,4.17,1.98,0.563,-4.22,1.02,0.0128,-0.516,-1.03
-1.38,0.433,-1.99,-0.861,-0.158,1.84,-0.491,0.0562,0.137,0.523
3.04,-0.462,4.57,1.67,0.696,-3.84,1.31,-0.185,-0.17,-1.09
2.88,-0.762,3.92,1.93,0.344,-3.9,0.924,-0.0158,-0.474,-0.963
1.23,-0.538,1.72,0.837,0.0347,-1.7,0.375,-0.0348,-0.16,-0.475
2.88,-0.624,3.94,1.89,0.432,-3.89,0.96,-0.0141,-0.468,-0.949
1.37,-0.133,1.9,0.93,0.305,-2.12,0.425,0.0458,-0.279,-0.537
1.43,-0.0308,2.18,0.801,0.44,-2.02,0.603,-0.0423,-0.128,-0.571
2.95,-0.381,4.19,1.85,0.636,-4.1,1.07,-0.0227,-0.428,-1.05
-1.48,0.16,-2.24,-0.851,-0.377,2.08,-0.599,0.0517,0.127,0.605
-1.59,0.245,-2.22,-1.05,-0.305,2.31,-0.524,-0.0164,0.28,0.581
1.37,-0.0466,2.16,0.681,0.435,-1.75,0.655,-0.0986,-0.0307,-0.522
3.01,-0.509,4.19,1.98,0.551,-4.3,0.998,0.0163,-0.51,-1.09
2.79,-0.615,3.9,1.82,0.434,-3.93,0.925,-0.015,-0.428,-1.03
1.49,-0.127,1.97,1.01,0.317,-2.11,0.471,0.0491,-0.329,-0.458
-1.82,0.943,-2.65,-1.04,-0.00875,1.9,-0.742,0.209,0.0102,0.569
1.22,-0.102,1.76,0.767,0.301,-1.79,0.439,0.0028,-0.186,-0.469
1.46,-0.263,1.76,1.15,0.175,-2.25,0.31,0.127,-0.466,-0.447
2.94,-0.534,4.2,1.86,0.55,-4.14,1.04,-0.036,-0.404,-1.1
-1.66,0.382,-2.09,-1.23,-0.181,2.4,-0.426,-0.078,0.427,0.508
-1.68,0.453,-1.97,-1.37,-0.101,2.54,-0.323,-0.143,0.55,0.49
2.92,-0.287,4.28,1.75,0.719,-4.1,1.12,-0.0519,-0.35,-1.11
3.02,-0.574,4.23,1.92,0.528,-4.07,1.07,-0.0408,-0.434,-1.03
-1.2,0.347,-1.52,-0.952,-0.0869,1.92,-0.25,-0.0833,0.344,0.444
2.81,-0.258,3.85,1.86,0.624,-4.07,0.924,0.0624,-0.546,-0.972
-1.43,0.331,-1.81,-1.05,-0.158,2.03,-0.379,-0.0585,0.354,0.433
1.41,-0.0603,1.86,1.03,0.327,-2.29,0.374,0.106,-0.386,-0.527
1.43,-0.194,1.8,1.06,0.234,-2.15,0.367,0.093,-0.397,-0.449
1.61,-0.239,2.43,0.903,0.372,-2.12,0.672,-0.0834,-0.107,-0.612
1.47,-0.221,1.94,1.05,0.253,-2.21,0.415,0.0633,-0.344,-0.511
2.91,-0.49,4.22,1.78,0.585,-3.99,1.09,-0.0703,-0.34,-1.08
-1.79,0.417,-2.14,-1.43,-0.156,2.69,-0.376,-0.143,0.564,0.527
1.62,-0.08,2.63,0.782,0.523,-2.14,0.788,-0.133,0.00618,-0.694
-1.12,-0.325,-1.49,-0.85,-0.474,2.15,-0.273,-0.173,0.414,0.476
1.59,-0.287,2.25,1.01,0.293,-2.2,0.56,-0.0187,-0.225,-0.572
-1.21,-0.176,-2.07,-0.443,-0.563,1.4,-0.73,0.15,-0.0987,0.464
2.95,-0.541,4.11,1.93,0.519,-4.18,0.984,0.00152,-0.476,-1.07
2.94,-0.463,4.32,1.72,0.631,-3.91,1.16,-0.112,-0.273,-1.08
2.8,-0.455,3.86,1.86,0.512,-4.03,0.904,0.0336,-0.504,-1
2.84,-0.219,4,1.82,0.686,-4.11,0.991,0.03,-0.482,-1.03
1.49,-0.235,1.82,1.2,0.204,-2.45,0.295,0.152,-0.501,-0.515
2.86,-0.379,4.11,1.78,0.624,-4.03,1.04,-0.0303,-0.391,-1.06
-1.43,0.0451,-2.56,-0.43,-0.556,1.43,-0.934,0.28,-0.275,0.576
-1.44,0.377,-1.59,-1.23,-0.0624,2.16,-0.233,-0.156,0.543,0.357
1.51,-0.035,1.91,1.14,0.345,-2.45,0.369,0.143,-0.472,-0.516
-1.85,0.219,-2.64,-1.15,-0.412,2.6,-0.668,0.0115,0.267,0.673
-1.2,0.111,-1.71,-0.763,-0.284,1.73,-0.427,-0.00444,0.192,0.44
2.92,-0.51,3.85,2.06,0.463,-4.22,0.853,0.095,-0.65,-0.962
1.39,-0.726,1.81,0.963,-0.0622,-1.67,0.407,-0.0501,-0.198,-0.408
1.35,-0.0733,1.99,0.768,0.373,-1.8,0.556,-0.0397,-0.136,-0.481
-1.24,-0.362,-1.84,-0.788,-0.584,2.19,-0.443,-0.0943,0.287,0.558
1.53,-0.0132,2.38,0.851,0.495,-2.24,0.649,-0.0445,-0.126,-0.661
1.52,0.0238,2.27,0.88,0.486,-2.2,0.612,-0.0149,-0.183,-0.597
2.87,-0.445,4.06,1.83,0.57,-4.07,0.999,-0.0108,-0.434,-1.06
2.95,-0.611,4.24,1.86,0.515,-4.11,1.05,-0.0571,-0.375,-1.11
2.84,-0.172,3.92,1.87,0.69,-4.18,0.944,0.072,-0.553,-1.01
2.84,-0.363,3.85,1.96,0.555,-4.28,0.854,0.0971,-0.607,-1.03
2.81,-0.326,3.96,1.81,0.614,-4.03,0.973,0.0154,-0.463,-1.02
-1.32,-0.341,-1.76,-0.923,-0.541,2.23,-0.398,-0.144,0.41,0.467
1.6,-0.418,2.36,0.913,0.251,-1.96,0.654,-0.107,-0.0917,-0.555
-1.67,0.291,-2.54,-0.949,-0.366,2.28,-0.681,0.0846,0.107,0.684
2.92,-0.522,4.07,1.93,0.52,-4.19,0.962,0.014,-0.491,-1.07
-1.63,0.671,-1.81,-1.42,0.0691,2.48,-0.224,-0.156,0.586,0.46
2.96,-0.467,4.1,1.91,0.56,-4.06,1.02,-0.00551,-0.477,-0.995
-1.47,0.891,-1.77,-1.17,0.184,1.94,-0.298,-0.0179,0.342,0.43
2.99,-0.262,4.12,1.97,0.678,-4.33,0.998,0.0598,-0.569,-1.04
1.13,-0.265,1.33,0.914,0.0924,-1.71,0.228,0.0974,-0.372,-0.323
-1.51,0.747,-1.95,-1.05,0.0474,1.81,-0.443,0.0465,0.229,0.426
1.53,-0.253,2.25,0.91,0.32,-2.09,0.588,-0.0494,-0.153,-0.582
1.46,-0.834,1.78,1.13,-0.145,-1.91,0.322,0.00924,-0.322,-0.424
1.39,-0.209,1.93,0.907,0.269,-1.96,0.468,0.00756,-0.236,-0.488
1.42,-0.392,2.03,0.889,0.19,-1.89,0.511,-0.0495,-0.157,-0.513
-1.45,-0.522,-1.74,-1.15,-0.622,2.63,-0.324,-0.269,0.638,0.45
-1.39,-0.094,-2.14,-0.747,-0.507,1.98,-0.611,0.0364,0.12,0.558
-1.46,-0.106,-2.04,-0.942,-0.472,2.22,-0.504,-0.0614,0.308,0.525
3.01,-0.551,4.14,1.96,0.517,-4.12,1.02,-0.00613,-0.491,-1.01
-1.49,-0.0943,-1.98,-1.09,-0.439,2.52,-0.399,-0.141,0.441,0.57
-1.81,1.17,-2.45,-1.2,0.183,2,-0.586,0.147,0.138,0.547
-1.57,0.327,-2.31,-0.914,-0.291,2.01,-0.629,0.079,0.125,0.556
-1.45,0.349,-1.8,-1.09,-0.141,2.11,-0.353,-0.0773,0.389,0.442
2.97,-0.545,4.38,1.76,0.596,-4.01,1.15,-0.114,-0.272,-1.13
-1.25,0.0125,-1.72,-0.833,-0.338,1.92,-0.403,-0.0518,0.268,0.462
1.4,-0.467,1.94,0.941,0.12,-1.95,0.437,-0.0198,-0.206,-0.521
2.85,-0.525,3.95,1.89,0.493,-4.1,0.925,0.0199,-0.492,-1.04
2.93,-0.541,4.06,1.89,0.509,-3.97,1.01,-0.0216,-0.455,-0.976
-1.41,0.342,-1.97,-0.896,-0.202,1.85,-0.497,0.0327,0.188,0.471
1.47,0.164,2.11,0.896,0.528,-2.18,0.563,0.0356,-0.262,-0.527
1.51,-0.345,2.2,0.867,0.26,-1.86,0.612,-0.0883,-0.106,-0.511
2.86,-0.481,4.11,1.78,0.564,-3.99,1.03,-0.0465,-0.37,-1.07
1.31,-0.119,1.88,0.82,0.317,-1.9,0.47,0.000501,-0.196,-0.501
1.27,-0.0745,1.67,0.935,0.282,-2.06,0.336,0.0946,-0.35,-0.47
-1.52,-0.187,-1.9,-1.16,-0.467,2.56,-0.37,-0.188,0.535,0.501
2.89,-0.506,3.93,1.91,0.497,-3.95,0.961,0.0127,-0.51,-0.934
1.18,0.0816,1.53,0.851,0.344,-1.89,0.328,0.105,-0.349,-0.396
-1.21,0.371,-1.53,-0.906,-0.0799,1.74,-0.302,-0.0447,0.295,0.386
2.89,-0.345,3.85,1.98,0.562,-4.16,0.888,0.0924,-0.627,-0.946
-1.16,0.644,-1.49,-0.88,0.0854,1.61,-0.268,-0.00066,0.227,0.407
-2.35,0.263,-2.24,-0.893,-0.298,-1.3,-1.53,0.452,0.0755,-1.36
3.02,-0.647,4.14,1.99,0.458,-4.13,0.998,-0.00695,-0.5,-1.01
-1.62,0.728,-1.89,-1.32,0.0749,2.29,-0.299,-0.0885,0.475,0.457
2.87,-0.352,4.26,1.7,0.682,-4.01,1.12,-0.0784,-0.297,-1.12
1.44,0.0524,1.96,0.987,0.42,-2.28,0.447,0.0865,-0.35,-0.528
-1.48,0.0105,-2.4,-0.68,-0.516,1.84,-0.76,0.135,-0.0218,0.579
2.96,-0.2,4.02,2.02,0.683,-4.43,0.927,0.113,-0.647,-1.04
1.24,-0.13,2.05,0.593,0.37,-1.66,0.605,-0.117,0.0318,-0.566
1.43,-0.0367,2.03,0.864,0.395,-1.96,0.545,-0.00328,-0.213,-0.482
-1.49,0.314,-2.28,-0.812,-0.3,1.88,-0.646,0.111,0.0513,0.564
2.95,-0.697,4.02,2,0.4,-4.13,0.927,0.0147,-0.525,-1.02
2.82,-0.273,3.99,1.8,0.653,-4.09,0.98,0.0213,-0.465,-1.04
-1.43,0.266,-1.98,-0.909,-0.247,1.89,-0.504,0.0176,0.213,0.461
1.69,-0.144,2.42,1.03,0.412,-2.34,0.63,-0.0134,-0.238,-0.599
1.6,-0.435,1.95,1.24,0.116,-2.37,0.354,0.1,-0.456,-0.496
1.57,-0.136,2.11,1.08,0.34,-2.32,0.488,0.058,-0.347,-0.53
1.53,-0.519,2,1.1,0.0904,-2.13,0.418,0.0212,-0.314,-0.504
2.94,-0.802,4.3,1.78,0.428,-3.9,1.11,-0.137,-0.253,-1.12
1.24,-0.208,1.58,0.902,0.186,-1.79,0.34,0.059,-0.315,-0.376
1.65,-0.496,2.28,1.05,0.175,-2.04,0.587,-0.0593,-0.202,-0.506
1.4,-0.169,2.09,0.783,0.34,-1.81,0.59,-0.0681,-0.104,-0.503
1.4,-0.0701,2.05,0.843,0.384,-2,0.54,-0.0129,-0.184,-0.53
-1.62,0.924,-2.52,-0.818,-0.0093,1.6,-0.749,0.267,-0.136,0.58
3.08,-0.739,4.43,1.91,0.482,-4.13,1.12,-0.0987,-0.343,-1.12
1.16,0.041,1.8,0.617,0.405,-1.61,0.52,-0.0434,-0.0838,-0.46
1.45,-0.271,2.31,0.718,0.341,-1.78,0.69,-0.145,0.0244,-0.581
1.31,-0.286,1.76,0.92,0.182,-1.94,0.374,0.0348,-0.272,-0.478
-1.42,0.228,-2.09,-0.779,-0.307,1.71,-0.61,0.0889,0.0855,0.462
1.46,-0.56,1.83,1.13,0.0252,-2.18,0.318,0.0631,-0.371,-0.507
-1.37,-0.111,-2.51,-0.459,-0.632,1.73,-0.854,0.209,-0.202,0.675
1.72,-0.321,2.27,1.18,0.263,-2.4,0.524,0.036,-0.355,-0.543
-1.36,0.595,-1.84,-0.923,-0.0231,1.74,-0.42,0.0415,0.188,0.448
-1.48,0.227,-1.95,-1.03,-0.254,2.1,-0.449,-0.0437,0.325,0.465
1.38,-0.159,1.96,0.838,0.31,-1.81,0.528,-0.0263,-0.182,-0.448
1.53,-0.766,2.21,0.962,0.0114,-1.91,0.538,-0.112,-0.0948,-0.573
3.01,-0.435,4.17,1.95,0.591,-4.22,1.02,0.0136,-0.508,-1.04
2.82,-0.373,3.88,1.83,0.567,-3.9,0.964,0.0149,-0.485,-0.934
2.71,-0.373,4.04,1.58,0.626,-3.73,1.07,-0.0948,-0.249,-1.05
3.08,-0.689,4.25,2.03,0.458,-4.29,1.01,-0.00752,-0.5,-1.08
2.99,-0.56,4.2,1.91,0.53,-4.13,1.04,-0.0276,-0.441,-1.06
-1.32,0.166,-1.7,-0.943,-0.234,1.92,-0.372,-0.0643,0.329,0.409
2.87,-0.224,4.05,1.79,0.696,-3.96,1.05,-0.00435,-0.443,-0.974
-1.61,0.363,-1.78,-1.39,-0.103,2.57,-0.232,-0.203,0.637,0.451
1.45,-0.29,2.28,0.729,0.323,-1.77,0.676,-0.14,0.0127,-0.57
2.94,-0.52,4.03,1.94,0.509,-4.11,0.965,0.0173,-0.513,-1.01
-1.39,0.137,-1.99,-0.855,-0.329,1.94,-0.513,0.0113,0.194,0.502
2.93,-0.453,4.12,1.87,0.574,-4.09,1.02,-0.0102,-0.452,-1.04
1.61,-0.503,2.17,1.09,0.144,-2.19,0.496,-0.0104,-0.266,-0.547
1.47,-0.622,2,0.941,0.0461,-1.73,0.506,-0.0775,-0.154,-0.44
2.86,-0.347,4,1.89,0.607,-4.23,0.941,0.0456,-0.515,-1.07
1.48,-0.703,1.99,1.01,-0.00854,-1.87,0.452,-0.0531,-0.195,-0.487
1.39,0.132,2.04,0.838,0.498,-2.1,0.539,0.0246,-0.226,-0.539
-1.5,0.413,-2.42,-0.687,-0.289,1.63,-0.763,0.211,-0.109,0.565
3.06,-0.544,4.33,1.92,0.568,-4.17,1.1,-0.0462,-0.421,-1.07
-1.26,-0.47,-1.57,-0.952,-0.568,2.23,-0.325,-0.206,0.505,0.402
3.03,-0.785,4.3,1.93,0.423,-4.11,1.06,-0.074,-0.382,-1.1
-1.8,-0.174,-2.72,-1.03,-0.67,2.72,-0.735,-0.00254,0.231,0.743
-1.64,0.564,-2.63,-0.745,-0.248,1.66,-0.842,0.257,-0.145,0.581
2.76,-0.446,3.98,1.68,0.563,-3.74,1.04,-0.068,-0.324,-0.997
-1.13,0.151,-1.76,-0.613,-0.285,1.53,-0.49,0.0684,0.0493,0.466
1.37,-0.148,1.96,0.856,0.316,-1.93,0.499,-0.00743,-0.2,-0.498
1.61,-0.0829,2.21,1.08,0.394,-2.4,0.523,0.0537,-0.337,-0.567
3.02,-0.423,4.42,1.77,0.672,-3.98,1.2,-0.107,-0.301,-1.07
-1.51,-0.0323,-2.29,-0.877,-0.497,2.27,-0.604,0.0106,0.179,0.639
-1.47,0.168,-2.03,-0.927,-0.315,1.98,-0.524,0.00292,0.235,0.472
-1.67,0.732,-2.57,-0.865,-0.127,1.8,-0.753,0.22,-0.0671,0.6
3.01,-0.345,4.29,1.84,0.682,-4.08,1.13,-0.044,-0.403,-1.04
-1.58,0.163,-2.47,-0.818,-0.433,2.03,-0.727,0.114,0.0428,0.613
1.81,-0.153,2.36,1.26,0.374,-2.62,0.54,0.0817,-0.435,-0.56
2.82,-0.547,3.95,1.82,0.484,-3.93,0.961,-0.0177,-0.429,-1.01
2.74,-0.478,3.85,1.79,0.504,-3.94,0.919,0.00405,-0.441,-1.02
-1.56,0.259,-2.38,-0.832,-0.356,1.96,-0.69,0.113,0.0538,0.581
1.42,-0.482,2.12,0.813,0.165,-1.74,0.574,-0.112,-0.0545,-0.525
-1.26,0.0374,-1.59,-0.957,-0.28,2.04,-0.304,-0.12,0.397,0.424
-1.18,0.356,-1.92,-0.571,-0.211,1.42,-0.569,0.15,-0.0691,0.503
1.45,0.0593,1.91,1.06,0.405,-2.41,0.389,0.13,-0.424,-0.538
-2.09,0.777,-2.8,-1.46,-0.106,2.87,-0.606,0.0102,0.36,0.722
1.52,-0.413,1.87,1.16,0.115,-2.18,0.359,0.0795,-0.412,-0.449
1.28,-0.388,1.88,0.71,0.169,-1.43,0.548,-0.111,-0.0458,-0.396
1.57,-0.0592,2.1,1.06,0.382,-2.26,0.507,0.0591,-0.35,-0.492
-1.7,0.213,-2.02,-1.41,-0.245,2.84,-0.304,-0.208,0.63,0.562
2.94,-0.594,4.07,1.89,0.481,-3.97,1.01,-0.0288,-0.445,-0.989
-1.62,0.219,-2.43,-0.911,-0.383,2.12,-0.677,0.0794,0.117,0.6
-1.82,-0.00204,-2.88,-0.878,-0.621,2.28,-0.898,0.137,0.0278,0.679
1.4,-0.318,1.95,0.911,0.212,-1.94,0.47,-0.0129,-0.21,-0.501
1.53,-0.169,2.12,1.01,0.33,-2.25,0.5,0.0292,-0.284,-0.562
-1.55,0.244,-2.14,-1.02,-0.289,2.19,-0.513,-0.0125,0.273,0.537
1.45,-0.168,2.25,0.787,0.379,-1.98,0.624,-0.0804,-0.0711,-0.604
1.66,-0.088,2.39,1.04,0.44,-2.45,0.599,0.0111,-0.259,-0.643
2.9,-0.424,3.83,2.02,0.51,-4.21,0.86,0.0992,-0.645,-0.957
1.33,0.46,1.9,0.84,0.651,-2.23,0.482,0.11,-0.334,-0.515
2.75,-0.274,3.85,1.78,0.62,-4,0.931,0.0358,-0.482,-1
3,-0.61,4.24,1.89,0.513,-4.07,1.07,-0.0557,-0.4,-1.06
-1.71,0.721,-2.49,-0.952,-0.106,1.82,-0.715,0.179,0.0241,0.531
2.9,-0.342,4.08,1.86,0.629,-4.13,1.01,0.0123,-0.475,-1.04
1.56,-0.378,2.27,0.938,0.252,-2.04,0.597,-0.0694,-0.142,-0.567
1.81,-0.402,2.67,1.06,0.323,-2.35,0.716,-0.0916,-0.14,-0.664
2.95,-0.472,4.12,1.91,0.561,-4.14,1.01,-0.000397,-0.474,-1.04
2.86,-0.474,4.16,1.73,0.586,-3.91,1.08,-0.0785,-0.317,-1.06
2.84,-0.725,3.78,2.02,0.324,-4.16,0.795,0.0704,-0.599,-1.01
2.9,-0.312,4.01,1.94,0.624,-4.31,0.932,0.069,-0.562,-1.06
1.46,-0.503,2.11,0.88,0.145,-1.82,0.548,-0.0881,-0.107,-0.517
1.45,-0.236,2.01,0.995,0.264,-2.21,0.441,0.0369,-0.286,-0.562
2.84,-0.194,3.97,1.87,0.688,-4.26,0.941,0.0704,-0.543,-1.06
-1.57,0.335,-2.17,-1.07,-0.242,2.32,-0.483,-0.0197,0.282,0.601
2.87,-0.522,4.1,1.8,0.537,-3.96,1.03,-0.0476,-0.38,-1.05
-1,0.242,-1.85,-0.311,-0.282,1.04,-0.638,0.226,-0.241,0.476
1.46,0.155,2,0.935,0.493,-2.15,0.517,0.0631,-0.318,-0.473
-2.43,-4.4,-2.1,-1.17,-2.91,1.51,-1.46,-0.53,1.34,-1.26
2.89,-0.441,4.08,1.82,0.577,-3.99,1.03,-0.0248,-0.421,-1.02
2.91,-0.644,4.06,1.88,0.452,-4,0.99,-0.0317,-0.43,-1.03
-1.27,-0.268,-1.96,-0.708,-0.566,1.97,-0.545,-0.0132,0.17,0.531
-1.06,0.164,-1.36,-0.735,-0.171,1.44,-0.318,-0.0318,0.239,0.3
2.93,-0.551,3.94,1.97,0.467,-4.04,0.937,0.0298,-0.548,-0.945
-1.36,0.845,-2.03,-0.757,0.06,1.39,-0.564,0.192,-0.0498,0.465
-1.31,-0.219,-1.86,-0.842,-0.502,2.07,-0.465,-0.0721,0.293,0.487
1.58,-0.256,2.16,1.1,0.282,-2.41,0.469,0.0493,-0.33,-0.599
1.61,-0.383,2.02,1.17,0.167,-2.21,0.434,0.0587,-0.394,-0.452
-1.24,0.0115,-1.83,-0.761,-0.371,1.88,-0.464,-0.00767,0.183,0.505
-1.57,0.224,-2.12,-1.11,-0.29,2.42,-0.452,-0.0637,0.351,0.589
1.68,-0.236,2.58,0.938,0.407,-2.3,0.704,-0.0866,-0.101,-0.689
-1.27,-0.0629,-1.73,-0.898,-0.379,2.14,-0.364,-0.0991,0.336,0.512
1.69,-0.727,2.31,1.17,0.0413,-2.29,0.504,-0.0368,-0.246,-0.612
-1.83,0.689,-2.63,-1.06,-0.148,2.06,-0.731,0.15,0.0898,0.571
2.81,-0.521,3.9,1.87,0.485,-4.05,0.911,0.0203,-0.485,-1.03
-1.62,0.752,-2.27,-0.992,-0.0322,1.83,-0.597,0.126,0.104,0.502
-1.24,0.532,-1.62,-0.89,-0.0101,1.66,-0.34,0.00575,0.226,0.403
1.6,0.00374,2.38,0.935,0.498,-2.31,0.639,-0.0152,-0.197,-0.626
-1.49,-0.175,-1.83,-1.14,-0.445,2.44,-0.365,-0.183,0.531,0.451
2.93,-0.551,3.91,2.07,0.453,-4.34,0.845,0.0938,-0.638,-1.03
2.81,-0.437,3.93,1.86,0.541,-4.12,0.921,0.0288,-0.486,-1.06
3.01,-0.445,4.23,1.89,0.605,-4.1,1.08,-0.0291,-0.441,-1.03
2.87,-0.437,4.09,1.83,0.582,-4.1,1.01,-0.014,-0.424,-1.08
1.47,0.172,2.21,0.818,0.561,-2.09,0.631,-0.0111,-0.179,-0.543
-1.38,0.194,-1.4,-1.34,-0.114,2.52,-0.0769,-0.284,0.719,0.408
2.84,-0.396,4.07,1.78,0.605,-4,1.03,-0.028,-0.395,-1.05
-1.76,-0.0249,-2.32,-1.25,-0.468,2.76,-0.51,-0.125,0.476,0.597
3,-0.727,4.24,1.85,0.45,-3.87,1.1,-0.102,-0.341,-1.01
1.42,-0.351,1.78,1.11,0.133,-2.24,0.303,0.103,-0.413,-0.503
1.25,0.156,2.07,0.579,0.54,-1.76,0.632,-0.0772,-0.0142,-0.559
-1.32,0.142,-1.94,-0.742,-0.323,1.66,-0.557,0.0603,0.111,0.436
1.39,0.171,2.1,0.756,0.54,-1.96,0.608,-0.0185,-0.153,-0.516
-1.53,-0.034,-1.96,-1.11,-0.399,2.39,-0.422,-0.127,0.449,0.488
2.8,-0.672,3.9,1.85,0.398,-3.95,0.911,-0.0119,-0.442,-1.03
-1.63,-0.12,-2.5,-0.86,-0.598,2.24,-0.734,0.0524,0.131,0.618
-1.65,0.397,-2.11,-1.23,-0.177,2.44,-0.419,-0.0768,0.415,0.545
2.96,-0.597,4.16,1.87,0.502,-3.97,1.05,-0.0523,-0.407,-1.01
1.6,-0.213,2.25,1.04,0.333,-2.33,0.539,0.013,-0.269,-0.599
1.1,-0.54,1.4,0.827,-0.0422,-1.5,0.266,0.00691,-0.226,-0.359
-1.52,-0.066,-2.28,-0.874,-0.513,2.21,-0.618,0.0113,0.185,0.6
1.54,-0.56,2.12,0.99,0.106,-1.92,0.527,-0.0615,-0.18,-0.496
3.05,-0.468,4.28,1.94,0.6,-4.25,1.07,-0.0135,-0.466,-1.08
3.05,-0.527,4.17,2.03,0.532,-4.29,0.992,0.0282,-0.55,-1.04
1.46,-0.0126,1.67,1.21,0.294,-2.38,0.273,0.203,-0.584,-0.406
1.36,-0.156,2.02,0.83,0.327,-1.98,0.511,-0.0206,-0.165,-0.552
3,-0.759,4.22,1.88,0.423,-3.9,1.08,-0.09,-0.366,-1.01
2.76,-0.331,3.9,1.79,0.6,-4.06,0.934,0.0268,-0.464,-1.05
-1.33,0.293,-1.85,-0.876,-0.204,1.87,-0.436,0.0034,0.213,0.48
1.46,-0.26,1.89,1.1,0.215,-2.32,0.355,0.0962,-0.396,-0.538
-1.61,0.245,-2.44,-0.875,-0.372,2.02,-0.702,0.104,0.0796,0.582
1.34,0.194,2.12,0.679,0.567,-1.92,0.631,-0.0436,-0.0895,-0.555
-1.62,0.588,-2.3,-0.968,-0.135,1.88,-0.624,0.112,0.113,0.504
1.73,0.0604,2.5,1.03,0.549,-2.4,0.688,-0.000956,-0.255,-0.586
1.35,-0.234,1.78,0.959,0.214,-1.98,0.386,0.0501,-0.309,-0.453
-1.35,0.555,-1.75,-0.991,-0.0202,1.9,-0.343,-0.016,0.274,0.468
3.02,-0.414,4.19,1.95,0.607,-4.19,1.04,0.00723,-0.503,-1.02
1.61,-0.918,2.31,0.993,-0.0525,-1.89,0.575,-0.148,-0.0615,-0.58
2.61,-0.329,3.55,1.77,0.517,-3.8,0.824,0.0663,-0.531,-0.901
-1.35,-0.364,-1.79,-1.02,-0.555,2.53,-0.34,-0.197,0.486,0.555
1.58,-0.246,2.45,0.787,0.381,-1.82,0.756,-0.15,-0.00273,-0.544
2.98,-0.641,4.23,1.88,0.495,-4.07,1.06,-0.0605,-0.385,-1.08
1.22,-0.296,1.8,0.732,0.203,-1.64,0.468,-0.055,-0.104,-0.47
3.13,-0.477,4.35,2.09,0.599,-4.6,1.01,0.0449,-0.565,-1.16
1.64,-0.407,2.39,0.955,0.262,-2.05,0.651,-0.0928,-0.121,-0.568
-1.43,0.88,-1.97,-0.903,0.106,1.53,-0.501,0.134,0.0755,0.427
-1.55,-0.0175,-2.61,-0.635,-0.585,1.84,-0.866,0.186,-0.102,0.619
1.39,-0.0931,1.99,0.862,0.352,-1.98,0.509,0.000712,-0.211,-0.505
1.38,0.109,2.09,0.8,0.499,-2.1,0.556,0.00324,-0.18,-0.58
-1.61,0.204,-2.61,-0.708,-0.452,1.8,-0.848,0.201,-0.0914,0.592
3.01,-0.81,4.19,1.96,0.38,-4.09,1.01,-0.0492,-0.429,-1.06
1.45,-0.0957,2.1,0.851,0.38,-1.93,0.582,-0.0331,-0.171,-0.492
2.99,-0.617,4.04,2.03,0.448,-4.19,0.937,0.0331,-0.56,-1
-1.5,0.0255,-2.55,-0.618,-0.548,1.85,-0.827,0.182,-0.11,0.646
1.58,-0.379,2.07,1.13,0.186,-2.29,0.436,0.0478,-0.35,-0.536
2.91,-0.363,4.17,1.79,0.647,-4.02,1.08,-0.0403,-0.387,-1.05
2.9,-0.44,4.06,1.84,0.572,-4,1.02,-0.0154,-0.441,-1.01
2.95,-0.593,4.14,1.87,0.499,-4,1.03,-0.043,-0.416,-1.02
-1.87,0.184,-2.71,-1.11,-0.455,2.52,-0.732,0.0443,0.215,0.664
1.37,-0.189,2.08,0.749,0.329,-1.77,0.589,-0.0802,-0.0746,-0.516
1.51,-0.449,2.07,1.03,0.154,-2.13,0.46,-0.00207,-0.253,-0.552
1.2,0.36,1.37,1.02,0.451,-2.26,0.2,0.255,-0.587,-0.381
2.85,-0.578,3.95,1.83,0.468,-3.81,0.993,-0.0357,-0.422,-0.946
2.89,-0.438,4.09,1.86,0.578,-4.15,0.992,-0.00088,-0.448,-1.08
2.82,-0.545,4.02,1.76,0.508,-3.87,1.01,-0.0528,-0.365,-1.03
1.57,-0.153,2.1,1.05,0.329,-2.19,0.509,0.0385,-0.324,-0.488
-1.05,-0.437,-1.68,-0.524,-0.612,1.65,-0.509,-0.0113,0.121,0.447
2.83,-0.477,4.04,1.8,0.548,-4,0.995,-0.0252,-0.403,-1.06
1.34,-0.383,1.7,0.978,0.108,-1.86,0.358,0.0383,-0.31,-0.404
2.93,-0.515,4.3,1.76,0.592,-4.02,1.11,-0.0898,-0.306,-1.12
-1.08,0.298,-1.54,-0.678,-0.144,1.44,-0.386,0.0364,0.121,0.393
1.46,-0.178,2.14,0.888,0.34,-2.08,0.549,-0.0252,-0.176,-0.571
-1.66,0.713,-2.46,-0.902,-0.106,1.74,-0.716,0.192,-0.00672,0.525
2.89,-0.714,4.09,1.85,0.42,-3.94,1,-0.0595,-0.38,-1.05
2.96,-0.545,4.3,1.78,0.573,-3.97,1.12,-0.0952,-0.312,-1.08
1.58,-0.446,2.06,1.09,0.147,-2.07,0.478,0.0077,-0.305,-0.46
1.38,-0.266,2.03,0.815,0.269,-1.83,0.541,-0.0576,-0.123,-0.513
2.76,-0.513,3.92,1.76,0.502,-3.85,0.967,-0.0313,-0.39,-1.01
1.62,0.032,2.26,1.02,0.477,-2.31,0.588,0.0324,-0.297,-0.541
-1.69,0.71,-2.05,-1.3,0.0229,2.27,-0.39,-0.0477,0.418,0.469
2.88,-0.663,4.15,1.75,0.474,-3.76,1.09,-0.112,-0.292,-1.02
3.01,-0.319,4.28,1.85,0.692,-4.1,1.12,-0.0339,-0.419,-1.04
-1.54,0.199,-2.56,-0.705,-0.444,1.96,-0.778,0.171,-0.0775,0.684
-1.41,0.162,-1.53,-1.24,-0.172,2.32,-0.197,-0.215,0.614,0.376
1.31,-0.476,1.65,1.02,0.0379,-1.99,0.28,0.0642,-0.341,-0.465
-1.35,0.0768,-2.08,-0.732,-0.396,1.83,-0.593,0.0651,0.0845,0.532
1.51,0.447,2.19,0.919,0.706,-2.4,0.585,0.0862,-0.326,-0.561
1.29,-0.108,1.87,0.77,0.323,-1.76,0.502,-0.0238,-0.159,-0.455
-1.66,0.685,-2.46,-0.936,-0.122,1.89,-0.687,0.165,0.0274,0.571
-1.1,-0.0894,-1.33,-0.913,-0.295,2,-0.199,-0.176,0.451,0.397
-1.19,-0.157,-1.83,-0.674,-0.475,1.85,-0.492,-0.00513,0.15,0.517
2.8,-0.424,4.07,1.71,0.594,-3.87,1.05,-0.062,-0.333,-1.04
-1.47,0.105,-2.26,-0.816,-0.416,2.05,-0.622,0.06,0.106,0.603
1.46,-0.59,2.21,0.812,0.126,-1.73,0.609,-0.148,-0.00798,-0.549
-1.59,0.532,-2.24,-0.988,-0.151,1.96,-0.58,0.0787,0.156,0.519
1.53,-0.106,2.07,1.05,0.349,-2.32,0.466,0.0663,-0.345,-0.546
1.54,-0.158,2.05,1.05,0.316,-2.2,0.484,0.0484,-0.334,-0.492
1.37,-0.116,2.14,0.686,0.392,-1.72,0.645,-0.106,-0.023,-0.52
3.1,-0.775,4.16,2.11,0.38,-4.27,0.958,0.0174,-0.567,-1.03
3.11,-1,4.42,1.95,0.329,-4.05,1.11,-0.129,-0.32,-1.11
-1.48,-0.616,-2,-1.02,-0.749,2.61,-0.468,-0.193,0.491,0.535
2.87,-0.465,3.97,1.88,0.532,-4.04,0.959,0.0125,-0.485,-1
-1.61,0.559,-2.17,-1.06,-0.112,1.98,-0.538,0.0482,0.224,0.474
2.98,-0.652,3.94,2.07,0.402,-4.19,0.886,0.0589,-0.61,-0.975
2.9,-0.527,4.1,1.84,0.532,-4,1.02,-0.0365,-0.407,-1.04
2.98,-0.524,4.16,1.9,0.541,-4.06,1.04,-0.0256,-0.447,-1.02
1.29,0.0385,2.01,0.714,0.446,-1.92,0.547,-0.0291,-0.114,-0.564
2.99,-0.975,4.1,2.01,0.259,-4.08,0.938,-0.0387,-0.458,-1.05
-1.8,0.22,-2.61,-1.04,-0.415,2.3,-0.73,0.0673,0.177,0.601
1.69,-0.324,2.36,1.07,0.292,-2.24,0.602,-0.0277,-0.237,-0.559
-1.29,-0.226,-1.78,-0.848,-0.488,2.06,-0.433,-0.0882,0.317,0.469
1.22,0.29,1.92,0.598,0.578,-1.69,0.6,-0.0342,-0.0917,-0.459
-1.73,0.0225,-2.53,-1.02,-0.511,2.42,-0.687,0.0187,0.221,0.629
1.23,-0.0241,1.93,0.673,0.396,-1.81,0.527,-0.0435,-0.0851,-0.549
-1.46,0.684,-2.4,-0.587,-0.136,1.23,-0.813,0.309,-0.246,0.493
-1.42,0.324,-1.8,-1.06,-0.158,2.12,-0.35,-0.0756,0.371,0.47
-1.78,0.12,-2.74,-0.946,-0.513,2.37,-0.789,0.0978,0.0916,0.696
-1.78,0.851,-2.2,-1.32,0.069,2.24,-0.456,0.000476,0.367,0.477
1.57,-0.202,2.03,1.11,0.281,-2.26,0.455,0.0669,-0.376,-0.486
1.34,-0.237,2.16,0.673,0.329,-1.74,0.629,-0.126,0.0175,-0.579
1.53,-0.127,2.21,0.945,0.38,-2.18,0.567,-0.00782,-0.218,-0.571
1.29,-0.171,2.03,0.674,0.335,-1.71,0.581,-0.0933,-0.029,-0.536
2.99,-0.389,4.18,1.9,0.625,-4.13,1.06,-0.00572,-0.472,-1.02
1.36,-0.646,1.75,0.973,-0.032,-1.72,0.377,-0.0206,-0.238,-0.401
-1.29,0.0573,-1.72,-0.916,-0.304,2.04,-0.365,-0.081,0.328,0.472
-0.604,-2.96,-4.23,0.909,-2.81,4.71,-1.27,0.195,-1.06,2.87
2.76,-0.658,3.7,1.86,0.357,-3.71,0.88,0.00442,-0.494,-0.868
1.45,-0.325,2.16,0.793,0.266,-1.72,0.624,-0.109,-0.0603,-0.491
1.76,-0.759,2.4,1.19,0.0428,-2.31,0.541,-0.0506,-0.24,-0.613
2.93,-0.212,4.21,1.8,0.742,-4.15,1.09,-0.0121,-0.422,-1.07
1.58,-0.607,2.17,1,0.09,-1.88,0.556,-0.0794,-0.166,-0.479
-1.93,0.692,-2.76,-1.14,-0.172,2.23,-0.757,0.141,0.12,0.607
2.71,-0.276,3.74,1.75,0.596,-3.81,0.928,0.0283,-0.479,-0.918
1.45,-0.407,2.11,0.876,0.202,-1.89,0.546,-0.0701,-0.125,-0.534
1.54,-0.431,2.11,1.03,0.175,-2.12,0.49,-0.0104,-0.247,-0.54
2.94,-0.22,4.09,1.89,0.7,-4.17,1.02,0.0366,-0.522,-1
-1.45,0.0171,-1.85,-1.09,-0.344,2.37,-0.359,-0.137,0.449,0.504
-1.68,-0.197,-2.35,-1.14,-0.584,2.78,-0.536,-0.117,0.415,0.667
2.95,-0.495,4.14,1.9,0.553,-4.11,1.02,-0.0123,-0.456,-1.04
-1.49,0.236,-2.44,-0.687,-0.395,1.8,-0.755,0.174,-0.0726,0.611
-1.22,0.51,-1.91,-0.624,-0.115,1.37,-0.552,0.159,-0.0558,0.473
-1.43,0.407,-2,-0.916,-0.173,1.9,-0.491,0.0372,0.182,0.504
2.83,-0.563,4.07,1.75,0.512,-3.89,1.03,-0.0675,-0.337,-1.06
2.89,-0.35,3.91,1.96,0.577,-4.18,0.916,0.0737,-0.591,-0.977
-1.58,0.274,-2.31,-0.973,-0.317,2.23,-0.58,0.0336,0.187,0.617
1.29,-0.268,1.74,0.871,0.191,-1.78,0.409,0.0111,-0.239,-0.42
2.89,-0.45,4.06,1.86,0.564,-4.07,0.998,-0.00545,-0.452,-1.03
-1.06,0.0578,-1.35,-0.787,-0.225,1.66,-0.273,-0.0843,0.31,0.347
1.36,-0.108,1.9,0.886,0.322,-1.98,0.465,0.0223,-0.247,-0.486
1.41,-0.0783,1.95,0.932,0.347,-2.1,0.466,0.0395,-0.28,-0.507
2.9,-0.299,3.96,1.94,0.618,-4.2,0.938,0.07,-0.579,-0.994
1.6,-0.266,2.41,0.885,0.353,-2.02,0.686,-0.0992,-0.0894,-0.574
2.91,-0.579,4.05,1.93,0.481,-4.19,0.941,0.0134,-0.489,-1.08
1.37,-0.137,1.94,0.907,0.312,-2.08,0.452,0.0276,-0.251,-0.533
2.93,-0.355,4.22,1.77,0.664,-3.99,1.11,-0.0568,-0.363,-1.04
1.34,-0.614,1.54,1.15,-0.0774,-2.03,0.202,0.104,-0.44,-0.413
-1.41,0.338,-1.84,-0.988,-0.165,1.92,-0.417,-0.0253,0.295,0.426
1.64,-0.707,2.21,1.11,0.0332,-2.09,0.51,-0.0498,-0.228,-0.531
-0.949,-0.727,-1.64,-0.346,-0.783,1.43,-0.582,0.0112,0.0464,0.397
-1.53,0.0911,-2.27,-0.866,-0.421,2.04,-0.635,0.0499,0.147,0.548
1.29,0.227,1.77,0.908,0.48,-2.23,0.383,0.125,-0.372,-0.511
-1.29,0.244,-1.71,-0.904,-0.196,1.87,-0.377,-0.0376,0.279,0.436
-1.46,0.454,-2.01,-0.981,-0.142,2.01,-0.463,0.017,0.224,0.521
1.31,-0.0539,2.18,0.578,0.445,-1.61,0.694,-0.143,0.0604,-0.539
1.58,-0.634,2.05,1.12,0.0345,-2.06,0.447,-0.00748,-0.291,-0.478
1.54,-0.547,1.85,1.19,0.0315,-2.11,0.352,0.0658,-0.413,-0.417
1.32,-0.274,1.68,1.01,0.162,-2.05,0.313,0.086,-0.367,-0.455
2.78,-0.353,3.84,1.83,0.569,-3.99,0.921,0.0365,-0.501,-0.982
2.85,-0.288,4.01,1.78,0.65,-3.94,1.03,-0.00759,-0.437,-0.978
1.51,0.131,2.21,0.884,0.534,-2.17,0.61,0.00695,-0.222,-0.542
1.46,-0.0528,2.04,0.916,0.383,-2.04,0.529,0.014,-0.25,-0.483
1.61,-0.266,2.02,1.2,0.232,-2.38,0.406,0.0991,-0.443,-0.496
1.22,0.0863,1.83,0.69,0.433,-1.77,0.507,-0.01,-0.145,-0.476
1.43,0.132,1.93,0.953,0.461,-2.17,0.471,0.0823,-0.346,-0.474
-1.46,-0.269,-2.32,-0.679,-0.657,1.92,-0.745,0.0766,0.0558,0.544
-1.33,-0.0657,-2.24,-0.521,-0.533,1.54,-0.762,0.164,-0.0967,0.513
2.76,-0.474,3.93,1.76,0.527,-3.94,0.956,-0.0179,-0.401,-1.04
-1.46,0.0491,-2.12,-0.895,-0.406,2.1,-0.549,-0.000992,0.216,0.542
1.52,-0.221,2.2,0.872,0.329,-1.89,0.622,-0.0678,-0.138,-0.489
2.86,-0.593,3.87,1.95,0.427,-4.09,0.876,0.0429,-0.546,-0.996
-1.6,0.606,-1.98,-1.26,-0.024,2.39,-0.334,-0.0802,0.427,0.543
-1.09,-0.00578,-1.6,-0.644,-0.334,1.57,-0.425,0.0037,0.147,0.411
2.9,-0.605,3.85,2,0.412,-4.07,0.874,0.0544,-0.586,-0.948
3,-0.608,4.24,1.85,0.517,-3.92,1.11,-0.0809,-0.368,-1
-1.44,-0.441,-2.22,-0.786,-0.721,2.26,-0.632,-0.0309,0.209,0.593
3,-0.605,4.09,2,0.47,-4.17,0.969,0.0157,-0.53,-1.01
-1.27,0.322,-1.5,-1.04,-0.0884,1.94,-0.243,-0.113,0.424,0.374
-1.68,0.693,-2.36,-1.1,-0.079,2.21,-0.555,0.069,0.186,0.614
-1.76,0.276,-2.62,-1.04,-0.386,2.45,-0.685,0.0587,0.167,0.699
-1.82,0.229,-2.7,-1.01,-0.433,2.31,-0.768,0.0915,0.134,0.633
1.29,-0.429,1.88,0.785,0.14,-1.66,0.482,-0.072,-0.101,-0.476
-1.43,-0.181,-2.42,-0.593,-0.637,1.83,-0.796,0.137,-0.055,0.596
-1.98,0.751,-3.02,-1.09,-0.206,2.41,-0.825,0.192,0.0109,0.781
2.82,-0.42,3.82,1.91,0.519,-4.06,0.886,0.0602,-0.559,-0.968
2.85,-0.412,3.81,1.94,0.518,-4.01,0.896,0.0646,-0.584,-0.914
-1.56,0.0223,-2.64,-0.639,-0.57,1.89,-0.864,0.191,-0.114,0.653
-1.2,0.36,-1.93,-0.593,-0.209,1.45,-0.563,0.143,-0.0537,0.505
2.74,-0.247,3.8,1.84,0.619,-4.15,0.874,0.0808,-0.55,-1.03
2.87,-0.232,4.01,1.83,0.677,-4.07,1,0.0268,-0.492,-0.993
2.97,-0.526,4.08,1.93,0.519,-4.03,1.01,-0.00607,-0.49,-0.97
1.38,-0.365,1.85,0.973,0.153,-1.98,0.4,0.0232,-0.277,-0.478
2.92,-0.521,4.29,1.75,0.587,-3.99,1.12,-0.0951,-0.297,-1.11
2.87,-0.599,4,1.84,0.465,-3.9,0.988,-0.0333,-0.422,-0.99
1.44,-0.54,2.23,0.735,0.167,-1.6,0.66,-0.179,0.0512,-0.53
2.73,-0.407,4.05,1.61,0.607,-3.77,1.06,-0.0882,-0.265,-1.07
2.87,-0.296,4.07,1.82,0.657,-4.13,1.01,0.0118,-0.458,-1.06
3.09,-0.538,4.43,1.89,0.599,-4.13,1.15,-0.0786,-0.368,-1.09
2.89,-0.621,3.96,1.9,0.438,-3.95,0.954,-0.00812,-0.475,-0.972
3.05,-0.72,4.17,2.01,0.422,-4.13,1,-0.0175,-0.493,-1.02
-1.28,-0.206,-1.63,-0.975,-0.429,2.22,-0.316,-0.166,0.454,0.45
-1.48,0.0457,-2.19,-0.862,-0.43,2.1,-0.588,0.0231,0.171,0.574
2.84,-0.176,4.09,1.73,0.74,-4,1.07,-0.0161,-0.4,-1.03
-1.45,0.68,-2.16,-0.828,-0.0603,1.66,-0.585,0.15,0.014,0.523
3.01,-0.404,4.23,1.92,0.625,-4.21,1.06,-0.00449,-0.472,-1.06
1.53,-0.492,1.86,1.24,0.0618,-2.37,0.295,0.112,-0.462,-0.513
1.44,-0.277,1.89,1.02,0.21,-2.08,0.412,0.0481,-0.326,-0.469
2.85,-0.461,4.04,1.77,0.559,-3.8,1.05,-0.0532,-0.379,-0.965
1.52,-0.973,1.77,1.27,-0.237,-2.1,0.25,0.0481,-0.405,-0.46
2.84,-0.177,4.01,1.76,0.717,-3.94,1.05,0.000127,-0.442,-0.968
2.78,-0.448,3.82,1.87,0.506,-4.07,0.877,0.0495,-0.526,-1.01
1.48,-0.126,2.25,0.863,0.398,-2.15,0.589,-0.0381,-0.142,-0.627
-1.66,0.742,-2.51,-0.928,-0.102,1.96,-0.68,0.174,-0.000944,0.64
2.99,-0.555,4.21,1.88,0.539,-4.03,1.07,-0.0495,-0.409,-1.03
2.81,-0.354,4.06,1.74,0.629,-4.02,1.02,-0.0258,-0.381,-1.08
-1.86,1.33,-2.48,-1.28,0.273,2.13,-0.546,0.138,0.166,0.595
-1.86,0.855,-2.95,-0.851,-0.149,1.73,-0.946,0.326,-0.199,0.625
-1.95,1.05,-2.69,-1.3,0.0632,2.46,-0.608,0.104,0.198,0.695
-1.41,0.0787,-1.77,-1.04,-0.294,2.13,-0.371,-0.106,0.41,0.427
2.87,-0.88,3.84,2,0.252,-4.01,0.842,0.0159,-0.531,-0.985
1.39,0.0393,2.21,0.704,0.495,-1.91,0.651,-0.0746,-0.0577,-0.573
-1.21,0.0419,-1.62,-0.801,-0.299,1.71,-0.402,-0.0382,0.258,0.373
-1.55,0.154,-2.69,-0.585,-0.511,1.75,-0.902,0.246,-0.199,0.661
2.98,-0.531,4.32,1.83,0.583,-4.12,1.1,-0.0702,-0.348,-1.13
2.92,-0.3,3.96,1.95,0.619,-4.19,0.948,0.0683,-0.583,-0.978
1.47,-0.0574,2.1,0.895,0.397,-2.03,0.56,-0.00534,-0.217,-0.5
1.19,0.19,1.77,0.724,0.476,-1.94,0.447,0.0433,-0.211,-0.518
2.9,-0.489,3.95,1.94,0.509,-4.11,0.933,0.0367,-0.538,-0.992
-1.57,0.27,-2.31,-0.872,-0.327,1.9,-0.665,0.0947,0.102,0.515
2.91,-0.671,4.27,1.75,0.496,-3.9,1.11,-0.12,-0.267,-1.1
-1.25,-0.685,-2.3,-0.385,-0.916,1.78,-0.82,0.106,-0.0883,0.603
-1.03,0.108,-1.86,-0.338,-0.359,1.14,-0.64,0.194,-0.193,0.475
2.94,-0.706,4.03,1.92,0.403,-3.91,0.988,-0.0321,-0.458,-0.955
-1.42,-0.157,-1.66,-1.17,-0.392,2.47,-0.27,-0.228,0.598,0.435
1.6,-0.379,1.96,1.23,0.15,-2.32,0.378,0.0964,-0.454,-0.464
3.18,-0.557,4.39,2.08,0.562,-4.42,1.07,0.00638,-0.535,-1.09
1.65,-0.218,2.51,0.888,0.406,-2.09,0.729,-0.107,-0.0774,-0.602
-1.25,0.505,-1.47,-1,0.0203,1.76,-0.248,-0.0673,0.36,0.349
1.45,-0.0954,1.85,1.06,0.302,-2.19,0.396,0.0983,-0.403,-0.45
2.84,-0.537,3.96,1.82,0.494,-3.88,0.985,-0.0263,-0.425,-0.979
1.55,-0.42,2.2,0.925,0.212,-1.86,0.605,-0.0841,-0.137,-0.482
2.92,-0.5,4.13,1.87,0.551,-4.11,1.01,-0.0184,-0.433,-1.07
1.5,-0.234,2.06,1.03,0.275,-2.25,0.458,0.0388,-0.301,-0.559
2.78,-0.481,3.72,1.9,0.461,-3.94,0.859,0.0575,-0.562,-0.917
3.04,-0.408,4.15,2.03,0.596,-4.38,0.98,0.0569,-0.584,-1.05
2.94,-0.623,4.05,1.93,0.457,-4.07,0.97,-0.00615,-0.479,-1.02
1.25,-0.268,1.89,0.728,0.24,-1.71,0.495,-0.0619,-0.087,-0.513
1.76,-0.823,2.59,0.973,0.0703,-1.83,0.748,-0.206,0.0046,-0.552
-1.4,-0.384,-1.6,-1.23,-0.502,2.73,-0.204,-0.312,0.707,0.478
3,-0.217,4.36,1.8,0.774,-4.18,1.15,-0.0395,-0.384,-1.1
1.25,0.343,1.84,0.71,0.579,-1.86,0.527,0.035,-0.215,-0.439
-1.56,-0.101,-1.97,-1.14,-0.435,2.43,-0.424,-0.146,0.485,0.472
2.92,-0.535,3.87,2.01,0.455,-4.07,0.897,0.0594,-0.601,-0.921
1.31,-0.185,1.79,0.849,0.253,-1.78,0.447,0.00504,-0.226,-0.418
1.33,-0.24,1.65,1.08,0.17,-2.23,0.258,0.133,-0.439,-0.49
2.87,-0.779,3.98,1.9,0.354,-3.97,0.936,-0.0309,-0.434,-1.03
-1.42,0.927,-2.05,-0.874,0.11,1.63,-0.506,0.152,0.024,0.525
-1.54,-0.247,-2.32,-0.877,-0.627,2.32,-0.641,-0.0143,0.217,0.608
1.65,-0.64,2.37,0.999,0.119,-1.98,0.623,-0.114,-0.112,-0.554
2.96,-0.321,4.35,1.69,0.722,-3.87,1.21,-0.112,-0.274,-1.04
1.5,-0.36,2.06,1.01,0.204,-2.11,0.476,0.00282,-0.257,-0.528
2.93,-0.616,4.34,1.73,0.547,-3.94,1.14,-0.129,-0.243,-1.13
2.86,-0.583,3.81,2.04,0.412,-4.27,0.803,0.0968,-0.632,-1.02
-1.48,0.192,-2.39,-0.661,-0.409,1.66,-0.771,0.179,-0.0744,0.543
-1.97,0.312,-2.92,-1.14,-0.429,2.62,-0.791,0.0826,0.169,0.735
-1.44,0.739,-1.99,-0.975,0.0257,1.87,-0.443,0.064,0.163,0.526
1.4,-0.5,2.15,0.772,0.167,-1.75,0.584,-0.131,-0.00972,-0.571
1.3,-0.204,1.87,0.774,0.268,-1.7,0.503,-0.0415,-0.141,-0.445
-1.18,-0.169,-1.79,-0.687,-0.471,1.85,-0.475,-0.0181,0.172,0.502
1.69,-0.418,1.95,1.42,0.11,-2.68,0.279,0.182,-0.61,-0.514
-1.39,0.316,-1.54,-1.24,-0.0844,2.38,-0.159,-0.204,0.586,0.446
1.42,0.242,2.11,0.833,0.578,-2.19,0.566,0.0329,-0.23,-0.567
2.92,-0.596,4.1,1.81,0.493,-3.81,1.06,-0.0713,-0.373,-0.967
-1.22,0.217,-1.59,-0.858,-0.187,1.74,-0.356,-0.039,0.274,0.386
2.84,-0.131,3.95,1.81,0.724,-4.03,1,0.0415,-0.51,-0.961
2.94,-0.409,4.08,1.9,0.589,-4.1,1.01,0.00891,-0.492,-1
1.48,-0.36,2.06,0.98,0.208,-2.1,0.478,-0.006,-0.232,-0.55
1.62,-0.241,2.32,0.957,0.339,-2.06,0.637,-0.0553,-0.175,-0.526
-1.41,1.07,-1.94,-0.909,0.22,1.48,-0.47,0.155,0.0475,0.445
1.45,-0.17,2.09,0.904,0.331,-2.1,0.521,-0.00753,-0.204,-0.562
2.91,-0.459,4.16,1.79,0.587,-3.93,1.08,-0.0577,-0.372,-1.02
2.88,-0.326,3.96,1.89,0.607,-4.07,0.967,0.0395,-0.531,-0.968
-1.62,1.55,-2.24,-1.03,0.438,1.5,-0.543,0.244,-0.0281,0.496
1.27,-0.586,1.81,0.752,0.0362,-1.41,0.487,-0.113,-0.0545,-0.403
1.38,-0.582,1.95,0.891,0.0619,-1.78,0.469,-0.0675,-0.137,-0.501
-1.51,-0.000277,-1.86,-1.16,-0.35,2.37,-0.369,-0.153,0.502,0.447
2.88,-0.567,4.12,1.82,0.515,-4.05,1.01,-0.0423,-0.386,-1.09
1.41,-0.222,1.83,1.02,0.228,-2.1,0.386,0.0685,-0.349,-0.469
2.93,-0.276,4.07,1.91,0.661,-4.22,0.99,0.0441,-0.53,-1.03
-1.55,0.151,-2.12,-1.05,-0.336,2.3,-0.491,-0.0461,0.319,0.551
1.38,-0.0152,1.66,1.08,0.3,-2.19,0.312,0.154,-0.485,-0.401
2.99,-0.669,4.28,1.85,0.492,-4.01,1.09,-0.0869,-0.346,-1.08
-1.47,-0.0691,-2,-0.977,-0.438,2.18,-0.492,-0.0682,0.336,0.479
2.93,-0.532,4.23,1.82,0.56,-4.07,1.06,-0.0579,-0.365,-1.1
-1.52,-0.3,-2.58,-0.63,-0.741,2.05,-0.841,0.123,-0.0375,0.664
2.92,-0.525,4.07,1.92,0.517,-4.14,0.972,0.00757,-0.486,-1.05
1.36,0.107,1.97,0.815,0.468,-1.97,0.534,0.0155,-0.218,-0.485
1.35,-0.287,1.85,0.877,0.206,-1.8,0.456,-0.0105,-0.214,-0.438
-1.54,-0.0791,-1.97,-1.11,-0.426,2.39,-0.432,-0.131,0.457,0.477
-1.6,0.597,-2.23,-1.07,-0.105,2.19,-0.507,0.0388,0.214,0.595
2.94,-0.559,3.95,2.04,0.458,-4.3,0.87,0.0761,-0.611,-1.03
2.91,-0.523,3.95,1.96,0.486,-4.11,0.923,0.039,-0.548,-0.987
1.32,-0.504,1.65,1.04,0.0224,-1.99,0.281,0.0637,-0.348,-0.459
1.39,-0.279,1.77,1,0.182,-1.95,0.387,0.0529,-0.337,-0.409
-1.55,-0.162,-2.13,-1.03,-0.519,2.39,-0.52,-0.0881,0.368,0.534
1.52,-0.00729,1.93,1.14,0.364,-2.44,0.384,0.142,-0.473,-0.501
-1.14,-0.0298,-1.47,-0.851,-0.299,1.89,-0.287,-0.112,0.354,0.408
3.04,-0.419,4.13,2.01,0.586,-4.26,0.997,0.0416,-0.567,-1.01
-1.63,-0.151,-2.21,-1.08,-0.528,2.45,-0.547,-0.0881,0.386,0.532
-1.47,0.16,-2.22,-0.815,-0.374,1.96,-0.62,0.0701,0.101,0.561
-1.95,0.537,-2.54,-1.4,-0.186,2.77,-0.536,-0.0485,0.426,0.641
-1.18,-0.177,-1.47,-0.897,-0.381,1.97,-0.296,-0.148,0.421,0.372
1.42,-0.354,2.13,0.807,0.243,-1.83,0.578,-0.0916,-0.0743,-0.545
-1.7,0.27,-2.08,-1.31,-0.237,2.57,-0.398,-0.131,0.517,0.507
2.88,-0.412,4.07,1.81,0.591,-3.98,1.03,-0.0231,-0.421,-1.01
1.53,-0.404,2.44,0.774,0.291,-1.86,0.714,-0.166,0.0373,-0.621
-1.41,-0.0654,-2.13,-0.779,-0.485,1.98,-0.602,0.0297,0.142,0.541
-1.38,-0.281,-2.56,-0.425,-0.743,1.74,-0.898,0.204,-0.204,0.669
1.39,-0.236,2.16,0.728,0.325,-1.77,0.625,-0.11,-0.027,-0.547
3.05,-0.932,4.1,2.09,0.276,-4.16,0.929,-0.00564,-0.533,-1.02
-1.29,0.486,-1.5,-1.05,0.00601,1.85,-0.244,-0.0835,0.392,0.361
2.99,-0.585,4.11,1.98,0.488,-4.17,0.981,0.00859,-0.512,-1.03
1.51,-0.376,2.05,1.06,0.189,-2.24,0.435,0.0298,-0.297,-0.568
2.88,-0.445,3.94,1.89,0.534,-4,0.96,0.0205,-0.51,-0.956
2.97,-0.457,4.08,1.92,0.559,-4.06,1.02,0.00311,-0.497,-0.976
2.85,-0.364,3.89,1.9,0.569,-4.06,0.932,0.0487,-0.543,-0.963
1.45,0.155,2.05,0.89,0.507,-2.12,0.544,0.0403,-0.272,-0.497
2.84,-0.155,4.01,1.82,0.725,-4.16,0.994,0.042,-0.497,-1.04
1.46,-0.396,2.04,0.906,0.188,-1.82,0.533,-0.0552,-0.166,-0.463
-1.3,0.225,-1.36,-1.25,-0.094,2.41,-0.0758,-0.257,0.653,0.427
2.99,-0.37,4.19,1.9,0.637,-4.16,1.05,-0.00218,-0.472,-1.04
3,-0.557,4.11,1.95,0.506,-4.05,1.02,-0.00972,-0.491,-0.975
1.43,0.0593,2.08,0.907,0.46,-2.27,0.505,0.0429,-0.259,-0.595
-1.31,0.21,-1.78,-0.882,-0.235,1.88,-0.416,-0.0221,0.251,0.452
-3.09,1.65,-2.16,-2.3,0.634,0.282,-0.922,0.0889,0.957,-1.28
-1.51,0.315,-2.03,-1.07,-0.219,2.25,-0.434,-0.0438,0.321,0.547
-1.53,0.0799,-2.01,-1.07,-0.348,2.27,-0.458,-0.0794,0.379,0.487
2.85,-0.599,4.11,1.75,0.501,-3.88,1.05,-0.0812,-0.321,-1.06
-1.26,0.163,-1.12,-1.29,-0.0668,2.26,-0.00629,-0.307,0.755,0.279
2.88,-0.398,3.96,1.89,0.568,-4.04,0.967,0.0253,-0.51,-0.976
1.39,0.165,2.17,0.684,0.561,-1.82,0.679,-0.0677,-0.0736,-0.505
1.36,-0.185,2.05,0.729,0.327,-1.68,0.601,-0.0899,-0.0641,-0.478
2.89,-0.482,4.18,1.78,0.583,-4.01,1.07,-0.0605,-0.349,-1.09
-1.13,-0.502,-1.98,-0.407,-0.73,1.55,-0.688,0.0809,-0.0326,0.49
1.45,0.382,2.05,0.912,0.635,-2.31,0.527,0.0958,-0.34,-0.526
2.89,-0.826,3.85,1.98,0.287,-3.88,0.891,-0.00103,-0.517,-0.919
1.39,-0.844,1.87,0.949,-0.115,-1.65,0.422,-0.0827,-0.147,-0.443
1.54,-0.516,2.27,0.939,0.172,-2.03,0.573,-0.0853,-0.115,-0.6
-1.59,0.911,-1.7,-1.41,0.234,2.23,-0.195,-0.121,0.555,0.388
-1.2,-0.737,-1.77,-0.755,-0.787,2.3,-0.438,-0.158,0.356,0.543
1.4,0.148,2.22,0.706,0.561,-1.98,0.658,-0.0563,-0.0787,-0.583
2.99,-0.447,4.27,1.87,0.616,-4.19,1.07,-0.0312,-0.415,-1.1
-1.18,0.187,-1.62,-0.751,-0.22,1.57,-0.412,0.00689,0.185,0.379
2.92,-0.776,4.08,1.89,0.379,-3.95,0.991,-0.055,-0.405,-1.03
2.94,-0.55,4.07,1.91,0.505,-4.05,0.997,-0.01,-0.469,-1.01
2.86,-0.79,3.8,2.02,0.294,-4.06,0.825,0.0435,-0.57,-0.978
-1.45,-0.231,-2.36,-0.724,-0.64,2.18,-0.685,0.0471,0.0802,0.667
1.35,-0.397,1.87,0.906,0.147,-1.88,0.429,-0.0124,-0.209,-0.49
-1.21,0.453,-1.89,-0.662,-0.14,1.52,-0.514,0.122,-0.0074,0.51
2.9,-0.422,4.07,1.9,0.58,-4.24,0.963,0.0261,-0.493,-1.09
1.58,-0.148,2.37,0.929,0.409,-2.28,0.619,-0.0371,-0.162,-0.651
-1.34,-0.106,-1.85,-0.863,-0.433,1.97,-0.472,-0.0534,0.287,0.441
1.65,-0.575,2.05,1.26,0.0571,-2.37,0.379,0.0688,-0.421,-0.522
-1.53,0.434,-1.73,-1.27,-0.062,2.26,-0.276,-0.139,0.527,0.399
1.43,-0.207,1.93,1.02,0.261,-2.23,0.403,0.0646,-0.331,-0.542
3,-0.741,3.98,2.08,0.358,-4.15,0.9,0.039,-0.591,-0.969
-1.26,0.415,-1.59,-0.98,-0.0627,1.93,-0.276,-0.0667,0.334,0.446
1.61,-0.673,2.2,1.07,0.0527,-2.05,0.516,-0.0563,-0.207,-0.533
-1.5,0.614,-2,-1.04,-0.0429,2.01,-0.436,0.0196,0.243,0.513
1.66,-0.411,2.49,0.926,0.285,-2.03,0.702,-0.122,-0.0731,-0.59
-1.6,0.0857,-1.93,-1.27,-0.309,2.59,-0.341,-0.179,0.562,0.497
1.57,-0.465,2.1,1.11,0.147,-2.23,0.454,0.0174,-0.303,-0.547
2.83,-0.53,4.02,1.78,0.514,-3.9,1,-0.0421,-0.385,-1.02
-1.51,0.13,-2.43,-0.763,-0.448,2.04,-0.708,0.114,0.0152,0.653
2.97,-0.468,4.03,2.04,0.531,-4.35,0.912,0.074,-0.604,-1.05
1.62,-0.0269,2.31,0.97,0.46,-2.22,0.627,-0.00741,-0.234,-0.545
-0.398,-1.81,1.09,-1.66,-0.633,3.37,1.08,-1.22,2.02,-0.0382
-1.26,0.432,-1.44,-1.08,-0.00843,1.99,-0.187,-0.126,0.446,0.396
-1.37,-0.125,-1.96,-0.828,-0.474,1.97,-0.531,-0.0237,0.235,0.47
1.42,-0.0601,2.3,0.654,0.466,-1.77,0.72,-0.135,0.03,-0.571
1.36,0.279,2.23,0.618,0.646,-1.87,0.709,-0.0758,-0.031,-0.563
-1.62,0.108,-2.4,-0.918,-0.439,2.15,-0.675,0.0561,0.153,0.575
1.36,-0.106,1.76,1.02,0.279,-2.23,0.334,0.112,-0.392,-0.509
1.58,-0.351,2.41,0.871,0.307,-2.03,0.671,-0.112,-0.0602,-0.614
2.86,-0.325,4.07,1.8,0.644,-4.09,1.02,-0.00283,-0.433,-1.06
2.82,-0.354,4.06,1.73,0.63,-3.94,1.04,-0.0368,-0.372,-1.04
-1.42,0.329,-1.79,-1.08,-0.152,2.16,-0.335,-0.0858,0.387,0.479
-1.31,0.147,-2.06,-0.655,-0.358,1.62,-0.625,0.112,0.00934,0.494
1.54,-0.388,2.08,1.04,0.19,-2.07,0.495,-0.00351,-0.266,-0.491
3.11,-0.755,4.26,2.04,0.421,-4.16,1.04,-0.0311,-0.486,-1.02
-1.35,0.832,-1.83,-0.911,0.114,1.59,-0.417,0.0881,0.129,0.439
2.88,-0.616,4.07,1.85,0.473,-4.04,0.985,-0.0334,-0.408,-1.07
2.9,-0.483,4.04,1.91,0.535,-4.17,0.956,0.0204,-0.496,-1.06
3.07,-0.28,4.33,1.93,0.719,-4.28,1.11,0.000713,-0.484,-1.06
1.62,-0.276,2.54,0.855,0.382,-2.13,0.718,-0.121,-0.0336,-0.675
-1.36,0.615,-1.83,-0.908,-0.0117,1.66,-0.435,0.0555,0.171,0.421
1.54,-0.399,2.13,0.983,0.201,-1.98,0.539,-0.0379,-0.207,-0.494
-1.39,0.227,-2.17,-0.674,-0.335,1.56,-0.682,0.146,-0.0183,0.474
1.66,-0.224,2.43,1.01,0.373,-2.35,0.622,-0.0312,-0.198,-0.646
-1.55,0.288,-2.58,-0.666,-0.402,1.75,-0.832,0.221,-0.137,0.625
-1.41,-0.143,-1.98,-0.929,-0.481,2.24,-0.475,-0.0768,0.319,0.534
-1.14,0.742,-1.7,-0.643,0.0716,1.17,-0.464,0.161,-0.0407,0.394
1.61,-0.611,2.32,1.01,0.124,-2.11,0.567,-0.0826,-0.139,-0.612
-1.44,0.226,-2.24,-0.788,-0.344,1.95,-0.62,0.0897,0.061,0.599
2.87,-0.415,4.1,1.76,0.602,-3.89,1.07,-0.0534,-0.367,-1.01
1.69,-0.121,2.39,1.06,0.416,-2.4,0.606,0.00841,-0.273,-0.599
1.27,-0.0145,1.79,0.837,0.353,-1.99,0.417,0.0466,-0.256,-0.502
1.2,0.254,1.81,0.676,0.525,-1.82,0.507,0.018,-0.175,-0.473
-1.07,-0.617,-1.85,-0.42,-0.766,1.62,-0.626,0.0301,0.0329,0.482
-1.69,0.549,-2.4,-1.02,-0.176,2.03,-0.642,0.0977,0.144,0.537
1.64,-1.06,1.98,1.27,-0.241,-2.02,0.362,-0.0143,-0.337,-0.442
2.84,-0.457,4.1,1.71,0.583,-3.8,1.08,-0.0818,-0.316,-1.01
1.4,-0.488,1.94,0.938,0.11,-1.93,0.441,-0.0257,-0.199,-0.52
-1.46,0.29,-2.03,-0.996,-0.24,2.19,-0.451,-0.0229,0.269,0.565
-1.26,0.0398,-1.8,-0.806,-0.342,1.91,-0.435,-0.0262,0.223,0.491
3.05,-0.749,4.38,1.9,0.466,-4.1,1.11,-0.0959,-0.343,-1.12
2.87,-0.468,3.91,1.9,0.513,-3.95,0.953,0.0203,-0.516,-0.932
2.89,-0.187,4.03,1.84,0.709,-4.09,1.02,0.0317,-0.504,-0.984
1.3,-0.42,1.93,0.772,0.16,-1.7,0.5,-0.0812,-0.079,-0.51
2.87,-0.542,4.02,1.87,0.501,-4.06,0.967,-0.00647,-0.452,-1.05
2.82,-0.469,4.02,1.77,0.55,-3.89,1.01,-0.0385,-0.387,-1.01
1.62,-0.222,2.37,0.94,0.365,-2.1,0.656,-0.0639,-0.152,-0.562
3.19,-0.962,4.21,2.21,0.276,-4.26,0.961,0.00528,-0.59,-0.991
1.45,-0.0812,1.92,1.04,0.328,-2.27,0.406,0.0916,-0.375,-0.517
1.51,0.155,2.34,0.819,0.583,-2.21,0.66,-0.0258,-0.146,-0.624
1.58,-0.0791,2.3,0.922,0.431,-2.11,0.638,-0.0343,-0.186,-0.542
-1.71,0.552,-2.51,-0.97,-0.207,2,-0.706,0.139,0.0712,0.572
1.67,-0.638,2.19,1.15,0.0647,-2.1,0.511,-0.0285,-0.274,-0.489
1.48,-0.392,2.12,0.951,0.205,-2.08,0.503,-0.0295,-0.189,-0.577
1.41,-0.676,1.87,0.978,-0.0204,-1.79,0.413,-0.0397,-0.207,-0.453
1.52,-0.0404,2.21,0.943,0.429,-2.28,0.552,0.0143,-0.237,-0.602
1.44,-0.276,2.04,0.951,0.255,-2.13,0.472,0.00507,-0.232,-0.57
-1.51,0.657,-1.87,-1.15,0.0223,2.09,-0.348,-0.0367,0.353,0.471
2.89,-0.209,4.15,1.77,0.732,-4.05,1.08,-0.0185,-0.409,-1.04
1.52,-0.6,2.19,0.873,0.111,-1.67,0.618,-0.137,-0.0569,-0.469
2.89,-0.353,4.05,1.83,0.62,-3.97,1.04,-0.0109,-0.448,-0.978
1.39,-0.094,1.81,1.04,0.295,-2.28,0.348,0.115,-0.403,-0.514
3.03,-0.347,4.31,1.86,0.684,-4.09,1.14,-0.0441,-0.41,-1.03
2.84,-0.4,4.15,1.66,0.632,-3.73,1.13,-0.105,-0.274,-1
1.3,-0.13,1.87,0.786,0.31,-1.78,0.494,-0.0203,-0.168,-0.462
1.55,-0.209,2.43,0.825,0.396,-2.08,0.685,-0.103,-0.0501,-0.647
2.79,-0.334,3.94,1.8,0.606,-4.03,0.962,0.0157,-0.459,-1.03
-1.65,0.104,-2.37,-1.01,-0.428,2.31,-0.623,0.00931,0.236,0.589
1.52,-0.211,2.32,0.831,0.367,-1.97,0.659,-0.0915,-0.0803,-0.571
3.06,-0.405,4.22,1.98,0.618,-4.26,1.04,0.0168,-0.523,-1.03
1.42,0.264,1.78,1.06,0.49,-2.34,0.374,0.176,-0.5,-0.435
-1.85,0.0363,-2.94,-0.874,-0.615,2.28,-0.925,0.157,0.000554,0.695
2.85,-0.619,4.01,1.86,0.455,-4.03,0.953,-0.0186,-0.429,-1.06
2.88,-0.397,3.9,1.92,0.55,-4.04,0.937,0.0458,-0.551,-0.947
1.4,0.0716,2.05,0.847,0.463,-2.1,0.53,0.0192,-0.221,-0.547
-1.6,1.1,-2.05,-1.14,0.232,1.81,-0.441,0.0866,0.208,0.447
-1.93,2.29,0.853,-2.45,1.75,-1.33,0.262,-0.314,1.65,-2.29
2.98,-0.648,4.06,2,0.438,-4.16,0.948,0.016,-0.528,-1.02
2.8,-0.431,4.06,1.71,0.587,-3.86,1.05,-0.0607,-0.336,-1.04
1.61,-0.42,2.15,1.15,0.182,-2.4,0.443,0.0421,-0.337,-0.598
2.92,-0.385,4.19,1.79,0.638,-3.99,1.09,-0.0495,-0.377,-1.04
-1.83,0.902,-2.45,-1.28,0.0335,2.4,-0.527,0.0493,0.266,0.632
3.07,-0.566,4.32,1.96,0.551,-4.27,1.06,-0.0265,-0.451,-1.1
1.38,-0.385,2.01,0.823,0.193,-1.75,0.532,-0.0739,-0.111,-0.49
-1.68,0.445,-2.24,-1.2,-0.184,2.48,-0.465,-0.0409,0.35,0.613
-1.66,0.297,-2.77,-0.674,-0.439,1.75,-0.926,0.259,-0.178,0.626
1.51,-0.16,2.1,0.976,0.332,-2.15,0.516,0.0151,-0.262,-0.53
-1.58,0.241,-2.44,-0.841,-0.378,2.01,-0.704,0.113,0.0529,0.603
2.95,-0.731,4.1,1.94,0.406,-4.06,0.98,-0.0297,-0.447,-1.04
-1.33,0.203,-1.76,-0.947,-0.227,1.97,-0.381,-0.0546,0.311,0.45
1.41,0.308,2.35,0.612,0.693,-1.95,0.754,-0.0903,-0.00397,-0.609
2.94,-0.453,4.19,1.87,0.594,-4.21,1.03,-0.0138,-0.433,-1.11
-1.13,-0.523,-1.7,-0.684,-0.653,2.04,-0.436,-0.1,0.268,0.51
-1.15,0.557,-1.88,-0.524,-0.0897,1.16,-0.583,0.207,-0.143,0.45
2.93,-0.242,4.01,1.94,0.663,-4.22,0.967,0.069,-0.579,-0.992
1.57,-0.32,2.11,1.11,0.231,-2.36,0.445,0.0492,-0.336,-0.578
1.45,-0.0356,2.27,0.76,0.463,-1.99,0.652,-0.0743,-0.072,-0.597
2.79,-0.34,4.14,1.64,0.666,-3.88,1.1,-0.082,-0.278,-1.09
-1.76,0.475,-3.48,-0.352,-0.538,1.53,-1.3,0.531,-0.65,0.859
-1.8,0.513,-2.61,-1.06,-0.244,2.2,-0.709,0.109,0.13,0.606
2.74,-0.488,3.86,1.78,0.502,-3.92,0.926,-0.0033,-0.428,-1.02
2.85,-0.477,3.88,1.9,0.502,-4.02,0.921,0.032,-0.522,-0.971
2.98,-0.597,4.13,1.92,0.493,-4.03,1.03,-0.0297,-0.449,-1.01
1.41,-0.0949,2.31,0.686,0.446,-1.91,0.683,-0.117,0.0115,-0.633
0.0458,-5.12,0.187,-0.217,-2.87,3.24,0.146,-1.08,1.34,0.261
1.6,-0.19,2.45,0.86,0.409,-2.07,0.705,-0.0988,-0.0762,-0.605
-1.3,0.548,-1.61,-1.03,0.0118,1.95,-0.263,-0.06,0.339,0.457
-1.66,0.632,-2.41,-0.941,-0.139,1.85,-0.679,0.15,0.0544,0.532
1.41,-0.121,2.2,0.712,0.4,-1.75,0.667,-0.109,-0.0296,-0.517
-1.47,0.65,-1.78,-1.17,0.0419,2.1,-0.3,-0.0629,0.392,0.455
-1.84,0.3,-2.73,-1.1,-0.395,2.58,-0.707,0.0566,0.184,0.732
1.48,-0.13,1.96,1.03,0.311,-2.21,0.437,0.0685,-0.349,-0.501
-1.41,0.57,-1.93,-0.96,-0.0576,1.91,-0.428,0.0304,0.202,0.51
-1.5,0.247,-2.02,-0.992,-0.262,2.04,-0.495,-0.0114,0.273,0.474
-1.51,0.39,-2.03,-0.994,-0.181,1.94,-0.501,0.0174,0.243,0.455
-1.27,0.00573,-2.03,-0.576,-0.437,1.49,-0.663,0.122,-0.0178,0.447
2.86,-0.508,3.92,1.89,0.495,-4,0.939,0.0164,-0.499,-0.98
-0.804,-0.19,-1.08,-0.605,-0.318,1.53,-0.199,-0.114,0.281,0.35
-1.74,0.223,-2.76,-0.838,-0.465,2.06,-0.857,0.174,-0.024,0.641
2.94,-0.659,3.79,2.1,0.358,-4.12,0.828,0.0894,-0.67,-0.903
-1.39,0.0673,-2.06,-0.793,-0.39,1.86,-0.578,0.0413,0.142,0.491
1.47,-0.127,1.93,1.05,0.303,-2.23,0.418,0.0819,-0.373,-0.492
2.95,-0.668,3.9,2.05,0.383,-4.12,0.877,0.054,-0.601,-0.956
2.95,-0.559,4.2,1.87,0.534,-4.13,1.03,-0.0363,-0.409,-1.1
2.94,-0.51,4,1.96,0.506,-4.08,0.959,0.0252,-0.534,-0.973
2.95,-0.271,4.12,1.93,0.674,-4.33,0.987,0.0528,-0.54,-1.08
3.05,-0.588,4.31,1.91,0.54,-4.1,1.1,-0.0581,-0.405,-1.06
1.52,-0.41,2.13,0.96,0.196,-1.97,0.537,-0.0452,-0.188,-0.51
-1.64,0.695,-2.07,-1.24,0.00444,2.32,-0.386,-0.0384,0.374,0.539
-1.35,-0.227,-1.7,-1.06,-0.45,2.45,-0.297,-0.201,0.516,0.501
1.37,-0.535,1.9,0.876,0.0766,-1.67,0.478,-0.0666,-0.146,-0.434
2.94,-0.427,4.02,2.01,0.556,-4.38,0.907,0.0759,-0.59,-1.08
3.09,-0.532,4.16,2.1,0.52,-4.37,0.968,0.0554,-0.609,-1.03
2.93,-0.695,4.16,1.84,0.449,-3.93,1.05,-0.0771,-0.358,-1.04
1.61,-0.576,2.18,1.07,0.105,-2.09,0.516,-0.0374,-0.232,-0.526
-1.35,-0.412,-2.15,-0.721,-0.694,2.18,-0.607,-0.0186,0.168,0.612
1.44,-0.107,2.12,0.829,0.38,-1.95,0.582,-0.041,-0.147,-0.529
2.9,-0.462,3.96,1.9,0.529,-3.99,0.971,0.0148,-0.507,-0.95
-0.991,0.334,-1.77,-0.352,-0.205,1.02,-0.59,0.213,-0.208,0.451
-1.26,0.0722,-1.5,-1.05,-0.231,2.18,-0.218,-0.173,0.487,0.435
1.35,-0.198,1.71,1.02,0.214,-2.12,0.323,0.0995,-0.386,-0.468
2.99,-0.471,4.14,1.91,0.566,-4.06,1.04,-0.0133,-0.472,-0.991
1.48,-0.368,2.08,0.96,0.21,-2.05,0.499,-0.0213,-0.209,-0.543
1.6,-0.247,2.14,1.07,0.284,-2.2,0.517,0.0243,-0.313,-0.499
-1.69,0.957,-2.51,-0.942,0.0246,1.75,-0.703,0.221,-0.0376,0.564
-1.66,0.617,-2.19,-1.17,-0.0748,2.25,-0.471,0.00188,0.3,0.552
-1.9,0.478,-3,-0.944,-0.369,2.22,-0.902,0.212,-0.0489,0.721
1.59,-0.055,2.41,0.932,0.472,-2.36,0.632,-0.024,-0.176,-0.67
-1.68,0.553,-2.59,-0.833,-0.236,1.76,-0.8,0.214,-0.06,0.557
-1.44,0.316,-1.67,-1.18,-0.121,2.21,-0.268,-0.141,0.497,0.414
2.97,-0.486,4.13,1.96,0.552,-4.31,0.968,0.0281,-0.516,-1.1
2.82,-0.62,3.87,1.86,0.421,-3.87,0.929,-0.00875,-0.461,-0.96
-1.26,0.0734,-1.65,-0.885,-0.281,1.89,-0.367,-0.0685,0.314,0.415
2.98,-0.486,4.17,1.95,0.562,-4.29,0.991,0.0152,-0.496,-1.1
2.73,-0.42,3.82,1.79,0.53,-3.94,0.912,0.0166,-0.457,-1
2.88,-0.479,4.08,1.84,0.554,-4.11,0.992,-0.0114,-0.432,-1.08
1.36,-0.0841,1.98,0.829,0.36,-1.97,0.507,-0.00588,-0.187,-0.528
2.89,-0.749,4.09,1.84,0.402,-3.93,1,-0.0679,-0.368,-1.05
1.69,-0.674,2.17,1.22,0.0324,-2.21,0.466,0.00203,-0.331,-0.5
2.83,-0.518,3.85,1.9,0.47,-3.99,0.903,0.0321,-0.523,-0.964
2.89,-0.504,3.94,1.91,0.5,-3.97,0.96,0.0139,-0.51,-0.946
1.63,-0.371,2.41,0.931,0.29,-2.06,0.662,-0.0965,-0.105,-0.588
1.4,-0.484,1.89,0.938,0.0983,-1.83,0.441,-0.0253,-0.211,-0.459
1.58,-0.619,2.02,1.18,0.0339,-2.22,0.396,0.0305,-0.345,-0.521
-1.51,-0.544,-2.21,-0.943,-0.766,2.63,-0.554,-0.124,0.363,0.642
1.72,-0.715,2.39,1.09,0.0741,-2.08,0.602,-0.0955,-0.163,-0.557
1.39,0.401,2.14,0.783,0.68,-2.27,0.582,0.043,-0.218,-0.61
2.76,-0.398,4.05,1.65,0.609,-3.79,1.06,-0.0783,-0.293,-1.04
2.89,-0.141,4.28,1.71,0.807,-4.12,1.13,-0.0423,-0.344,-1.12
-1.48,-0.0957,-2.47,-0.637,-0.596,1.87,-0.8,0.143,-0.0495,0.607
2.89,-0.353,4.21,1.72,0.668,-3.92,1.12,-0.0759,-0.32,-1.05
-1.51,0.0719,-1.95,-1.09,-0.336,2.27,-0.425,-0.098,0.408,0.474
1.42,-0.139,2.01,0.934,0.326,-2.13,0.474,0.0252,-0.255,-0.546
1.3,-0.407,1.86,0.848,0.143,-1.82,0.434,-0.0311,-0.164,-0.508
1.48,-0.522,1.9,1.08,0.0679,-2.02,0.399,0.0216,-0.314,-0.457
-1.95,0.544,-2.87,-1.1,-0.286,2.32,-0.808,0.144,0.0977,0.656
-1.46,0.397,-2.35,-0.646,-0.283,1.47,-0.769,0.221,-0.122,0.5
1.38,-0.22,2.04,0.834,0.296,-1.95,0.523,-0.0364,-0.147,-0.55
2.87,-0.261,4.08,1.77,0.683,-3.95,1.06,-0.0194,-0.418,-0.991
3.09,-0.728,4.34,1.96,0.462,-4.13,1.08,-0.0666,-0.408,-1.07
1.71,-0.259,2.44,1.08,0.349,-2.43,0.603,-0.0117,-0.246,-0.64
2.84,-0.646,3.94,1.83,0.426,-3.84,0.968,-0.0366,-0.416,-0.977
1.46,-0.773,2,0.992,-0.0442,-1.89,0.44,-0.0648,-0.167,-0.528
-1.45,0.439,-2.17,-0.809,-0.204,1.75,-0.608,0.119,0.0467,0.523
